email,first_seen,sent_count,duplicate
info@galaxybakerymiami.com,2026-05-06T14:12:00-04:00,1,false
europeancorner@aol.com,2026-05-06T14:12:00-04:00,1,false
saporedimaremiami@gmail.com,2026-05-06T14:12:00-04:00,1,false
megabakerymiami@gmail.com,2026-05-06T14:12:00-04:00,1,false
info@sergioscafeteria.com,2026-05-06T14:12:00-04:00,1,false
anthony@paella305.com,2026-05-06T14:12:00-04:00,1,false
catering@sesamebakery.com,2026-05-06T14:12:00-04:00,1,false
catering@pincho.com,2026-05-06T14:12:00-04:00,1,false
isabelf@ajoycatering.com,2026-05-06T14:12:00-04:00,1,false
sandra@billhansencatering.com,2026-05-06T14:12:00-04:00,1,false
Manuel@Creativeedgeparties.com,2026-05-06T14:12:00-04:00,1,false
catering@eventsbyexecutivecaterers.com,2026-05-06T14:12:00-04:00,1,false
info@mamis305.com,2026-05-06T13:55:00-04:00,1,false
kaitsurestaurant@gmail.com,2026-05-06T13:56:00-04:00,1,false
eat@codseafood.com,2026-05-06T13:56:00-04:00,1,false
info@cateringbylovables.com,2026-05-06T13:56:00-04:00,1,false
info@thegoldenhogmarket.com,2026-05-06T13:56:00-04:00,1,false
info@gheemiami.com,2026-05-06T13:56:00-04:00,1,false
tusushi305@gmail.com,2026-05-06T13:56:00-04:00,1,false
CATERING@JOANNASMARKETPLACE.COM,2026-05-06T13:56:00-04:00,1,false
catering@miamiironside.com,2026-05-06T13:56:00-04:00,1,false
info@lovablescatering.com,2026-05-06T14:01:00-04:00,1,false
info@citychefcatering.com,2026-05-06T14:01:00-04:00,1,false
info@bcrmiami.com,2026-05-06T14:01:00-04:00,1,false
info@whiskgourmet.com,2026-05-06T14:01:00-04:00,1,false
info@vnvevents.com,2026-05-06T14:01:00-04:00,1,false
eni305@icloud.com,2026-05-06T14:01:00-04:00,1,false
catering@elpimientorestaurant.com,2026-05-06T14:06:00-04:00,1,false
info@edanbistro.com,2026-05-06T14:06:00-04:00,1,false
jackyscafe@hotmail.com,2026-05-06T14:06:00-04:00,1,false
info@elmacheticorestaurant.com,2026-05-06T14:06:00-04:00,1,false
Bellacaprirestaurant@gmail.com,2026-05-06T14:06:00-04:00,1,false
contact@sandwhichmiami.com,2026-05-06T14:06:00-04:00,1,false
info@rosalunaristorante.com,2026-05-06T14:06:00-04:00,1,false
Cooknfresh@gmail.com,2026-05-06T14:06:00-04:00,1,false
Frantz@houseofwingsmiami.com,2026-05-06T14:06:00-04:00,1,false
chefpaellaeventcatering@gmail.com,2026-05-06T14:06:00-04:00,1,false
iamlatincafe@gmail.com,2026-05-06T14:25:00-04:00,1,false
Chimichurrilosprimos@gmail.com,2026-05-06T14:25:00-04:00,1,false
tastebakerycafe@gmail.com,2026-05-06T14:25:00-04:00,1,false
La.cafetera.305@gmail.com,2026-05-06T14:25:00-04:00,1,false
nemegastrobar@gmail.com,2026-05-06T14:30:00-04:00,1,false
caffedinotte@gmail.com,2026-05-06T14:30:00-04:00,1,false
safronsobe@gmail.com,2026-05-06T14:30:00-04:00,1,false
locura305fl@gmail.com,2026-05-06T14:30:00-04:00,1,false
ROB@CIRCUSEATS.COM,2026-05-06T14:32:00-04:00,1,false
seasonscatering40@aol.com,2026-05-06T14:32:00-04:00,1,false
thecoconut305@gmail.com,2026-05-06T14:32:00-04:00,1,false
vscakescheesecakes@gmail.com,2026-05-06T14:32:00-04:00,1,false
Info@carasaupastabar.com,2026-05-06T14:37:00-04:00,1,false
info@legoutpastry.co,2026-05-06T14:37:00-04:00,1,false
info@ludivineparis.com,2026-05-06T14:37:00-04:00,1,false
chefjulie@ohmygnosh.com,2026-05-06T14:37:00-04:00,1,false
info@air-gourmet.com,2026-05-06T14:37:00-04:00,1,false
info@thyme.catering,2026-05-06T14:37:00-04:00,1,false
info@cecisoven.com,2026-05-06T14:37:00-04:00,1,false
info@brucescatering.com,2026-05-06T14:37:00-04:00,1,false
info@jtcateringinc.com,2026-05-06T14:37:00-04:00,1,false
nakwoncatering@yahoo.com,2026-05-06T14:50:00-04:00,1,false
info@farbarla.com,2026-05-06T14:50:00-04:00,1,false
proudbirdcatering@srcmail.com,2026-05-06T14:50:00-04:00,1,false
CATERING@ANGELINIOSTERIA.COM,2026-05-06T14:50:00-04:00,1,false
hollywoodsubsinc@gmail.com,2026-05-06T14:50:00-04:00,1,false
variablecafe@gmail.com,2026-05-06T14:50:00-04:00,1,false
info@elite-catering.com,2026-05-06T14:50:00-04:00,1,false
PMSeafood@aol.com,2026-05-06T14:50:00-04:00,1,false
sales@StratosCatering.com,2026-05-06T14:50:00-04:00,1,false
NelisCatering@verizon.net,2026-05-06T14:50:00-04:00,1,false
info@heirloomla.com,2026-05-06T14:50:00-04:00,1,false
catering@foragela.com,2026-05-06T14:50:00-04:00,1,false
